file,hash
Makefile,64a51ce2166817e27001e195440fab0e
Rakefile,a8a1dfca069d7461af991134d6e0c37e
include/circular\_buffer.h,8415aa7d838e512ea9df93fff23fe1a4
include/clock.h,4985d550dcaa1aec022319c21fd67652
include/input.h,707c28f9c46f9b9e924da60ba784d352
include/io.h,fbb536f6b293075cc7fd8202e0fce6a4
include/memory.h,79a504175e6a2d1054dd64f6eef5fa68
include/stdarg.h,2107acfd362fb7033d0e1d03ad1955cd
include/trains.h,6ce082512ed5ef02f98cbe4690573434
include/ts7200.h,051c699e70f9b70a3f9f90d4ba2857f3
include/unistd.h,7df7748267eb108873fe9fbad929aebd
orex.ld,20b96d367138e77359a7914b582ca16a
src/circular\_buffer.c,40df1cf8b4df34ffcb9041b1940438f1
src/clock.c,5d42f56f514ec626903e80a9c964044b
src/input.c,8d74ac14b0b671b06e289338cae95a74
src/io.c,65ec72cd20a849decbf9640b04016eb3
src/main.c,514f173b157bb485bad9e2b669063f7d
src/memory.c,edf9a7263a88ff505053874dfd527679
src/trains.c,be360422e28fc457c9c7c3aa29c03533
